{
  "expenses": [
    {
      "id": "1",
      "title": "House Rent",
      "amount": "700",
      "date": "Wed Mar 20 2024 00:00:00 GMT+0530 (India Standard Time)"
    },
    {
      "id": "2",
      "title": "Foods",
      "amount": "550",
      "date": "Fri Mar 22 2024 00:00:00 GMT+0530 (India Standard Time)"
    },
    {
      "id": "0.9344808465918695",
      "title": "car emi",
      "amount": "20000",
      "date": "2024-08-08T00:00:00.000Z"
    },
    {
      "id": "0.5658234051522193",
      "title": "sdsd",
      "amount": "323",
      "date": "2024-08-10T00:00:00.000Z"
    },
    {
      "id": "0.4895027212166583",
      "title": "movie tickets",
      "amount": "1000",
      "date": "2024-08-10T00:00:00.000Z"
    }
  ]
}